[
  {
    "id": "63",
    "name": "Ein kleiner Junge erscheint",
    "description": "<p>Er überbringt eine <span data-type=\"object\" data-id=\"15\" class=\"item-link\" style=\"color: blue; cursor: pointer; text-decoration: underline;\">Einladung</span>.</p>",
    "conditions": [
      {
        "type": "place",
        "operator": "=",
        "value": "4",
        "isOr": false
      },
      {
        "type": "time",
        "operator": "=",
        "value": "75",
        "isOr": false
      },
      {
        "type": "npc",
        "operator": "=",
        "value": "16",
        "isOr": false
      }
    ]
  },
  {
    "id": "64",
    "name": "Prolog",
    "description": "<p>London im <strong>Jahre 1875</strong>.</p><p>Ein halbes Jahr ist vergangen, seit die rätselhaften Ereignisse auf Morriton Manor unsere unfreiwilligen Ermittler in ihren Bann zogen.</p><p>Zwar kehrten sie seither in ihren Alltag zurück, doch begleitet sie nun ein wachsames Auge auf alles Ungewöhnliche.</p><p>Denn selbst wenn die populären Zeitungen nur spärlich über diesen sonderbaren Fall berichteten, drang das außergewöhnliche Abenteuer durch Straßen und Gassen jenes brodelnden Molochs, den viele Londoner ihre Heimat nennen.</p><p>\nEben jenen Gerüchten verdanken unsere Protagonisten, dass sie ein höchst eigentümliches <span data-type=\"object\" data-id=\"66\" class=\"item-link\" style=\"color: blue; cursor: pointer; text-decoration: underline;\">Telegram</span> erhielten, welches sie alle zur Zusammenkunft im „Singing Boar Inn“ rief. Eine gewisse Melva Sligh beschreibt darin mysteriöse Unstimmigkeiten rund um den Tod ihres geliebten Gatten – Unstimmigkeiten, von denen sie überzeugt ist, dass nur Personen ihres Kalibers ihnen auf den Grund gehen können.</p><p>\nUnd so sitzen sie nun beisammen in jenem Pub, unsicher, was sie hier erwarten wird, und doch entschlossen, ihre Spürsinnigkeit abermals unter Beweis zu stellen.</p>",
    "conditions": [
      {
        "type": "place",
        "operator": "=",
        "value": "4",
        "isOr": false
      },
      {
        "type": "time",
        "operator": "=",
        "value": "50",
        "isOr": false
      }
    ]
  },
  {
    "id": "67",
    "name": "Ein Landstreicher fällt",
    "description": "<p>Ein zerzaust wirkender Mann (<span data-type=\"npc\" data-id=\"1\" class=\"item-link\" style=\"color: blue; cursor: pointer; text-decoration: underline;\">John Daik (Landstreicher)</span>) torkelt Euch entgegen, murmelt leise vor sich hin und fixiert Euch mit einem flüchtigen Blick. Plötzlich gluckst er noch einmal kehlig auf, bevor er wie ein gefällter Baum vornüberkippt und ungebremst mit dem Gesicht voran auf dem Boden aufschlägt.</p><p>SOUND: <a href=\"https://www.myinstants.com/de/instant/body-fall-10593/?utm_source=copy&amp;utm_medium=share\" rel=\"noopener noreferrer\" target=\"_blank\">https://www.myinstants.com/de/instant/body-fall-10593/?utm_source=copy&amp;utm_medium=share</a></p>",
    "conditions": [
      {
        "type": "place",
        "operator": "=",
        "value": "4",
        "isOr": false
      },
      {
        "type": "time",
        "operator": "=",
        "value": "75",
        "isOr": false
      },
      {
        "type": "npc",
        "operator": "=",
        "value": "1",
        "isOr": false
      }
    ]
  },
  {
    "id": "68",
    "name": "Beerdigung",
    "description": "<p>Ihr hört Glockengelaute aus Richtung des <span data-type=\"place\" data-id=\"3\" class=\"item-link\" style=\"color: blue; cursor: pointer; text-decoration: underline;\">Brompton-Friedhof</span></p><p>AMBIENTE: <a href=\"https://www.youtube.com/watch?v=fVqbU2CovBA&amp;t=17s\" rel=\"noopener noreferrer\" target=\"_blank\">https://www.youtube.com/watch?v=fVqbU2CovBA&amp;t=17s</a></p>",
    "conditions": [
      {
        "type": "time",
        "operator": "=",
        "value": "12",
        "isOr": false
      }
    ]
  },
  {
    "id": "69",
    "name": "Frederik huscht über die Straße",
    "description": "<p><span data-type=\"npc\" data-id=\"16\" class=\"item-link\" style=\"color: blue; cursor: pointer; text-decoration: underline;\">Frederik (Boote) </span>kann die Spieler zu Madam Gogool führen</p>",
    "conditions": [
      {
        "type": "place",
        "operator": "=",
        "value": "31",
        "isOr": false
      },
      {
        "type": "npc",
        "operator": "=",
        "value": "16",
        "isOr": false
      }
    ]
  },
  {
    "id": "70",
    "name": "Ritual",
    "description": "<p>Die Spieler können dem Dämonen einen anderen Körper Anbieten oder ihn in den <span data-type=\"object\" data-id=\"18\" class=\"item-link\" style=\"color: blue; cursor: pointer; text-decoration: underline;\">leeren Parfüm Flacon</span> verbannen.</p>",
    "conditions": [
      {
        "type": "npc",
        "operator": "=",
        "value": "8",
        "isOr": false
      },
      {
        "type": "object",
        "operator": "=",
        "value": "18",
        "isOr": false
      },
      {
        "type": "object",
        "operator": "!=",
        "value": "53",
        "isOr": false
      }
    ]
  },
  {
    "id": "71",
    "name": "Ritual mit Buch",
    "description": "<p>Der Dämon kann ausgetrieben werden in einen beliebigen Körper.</p><p><strong>[</strong><strong style=\"color: blue;\"><span data-type=\"object\" data-id=\"18\" class=\"item-link\" style=\"cursor: pointer; text-decoration: underline;\">leeren Parfüm Flacon</span></strong><strong>]</strong></p><p>Erleichtert wenn leerer Flacon genutzt wird.</p>",
    "conditions": [
      {
        "type": "npc",
        "operator": "=",
        "value": "8",
        "isOr": false
      },
      {
        "type": "object",
        "operator": "=",
        "value": "53",
        "isOr": false
      }
    ]
  },
  {
    "id": "72",
    "name": "Monster zeigt sich",
    "description": "<p>Ein markerschütterndes Knurren dringt aus dem hintersten Tunnel. Als euer Lichtkegel darüber streift, erkennt ihr eine verunstaltete Gestalt mit überlangen Gliedmaßen und geborstenen Kleidungsresten. Ihr spürt pure Wut, als die Kreatur auf allen Vieren ansetzt, zum Sprung.</p><p>Ambiente (Weit weg): <a href=\"https://www.myinstants.com/de/instant/monster-growl-82536/?utm_source=copy&amp;utm_medium=share\" rel=\"noopener noreferrer\" target=\"_blank\">https://www.myinstants.com/de/instant/monster-growl-82536/?utm_source=copy&amp;utm_medium=share</a></p>",
    "conditions": [
      {
        "type": "place",
        "operator": "=",
        "value": "52",
        "isOr": false
      },
      {
        "type": "object",
        "operator": "=",
        "value": "53",
        "isOr": false
      },
      {
        "type": "npc",
        "operator": "=",
        "value": "8",
        "isOr": false
      }
    ]
  },
  {
    "id": "73",
    "name": "Strauß verschwindet",
    "description": "<p>Auf seinen Gehstock gestützt, hebt er eine kleine, gläserne Phiole.</p><p>Einen Herzschlag später zerschellt der Flacon (<span data-type=\"object\" data-id=\"47\" class=\"item-link\" style=\"cursor: pointer; text-decoration: underline;\">Zerbrochener Flacon</span>) am Boden – und in einer plötzlichen Wolke aus grauschwarzem Dunst verwirren sich eure Sinne. Für einen Moment drängt sich das Gefühl auf, man atme pure Finsternis.</p><p>Gleichzeitig explodiert irgendwo ein spitzer Knall, als hätte jemand ein Bild oder einen Rahmen in Stücke gerissen. Ihr hört das Splittern von Holz und ein schabendes Geräusch, das wie tropfende Tinte klingt.</p><p>Dann ist der Rauch so dicht, dass ihr kaum die Hand vor Augen seht. Hustend tastet ihr umher – doch als sich der Schwaden lichtet, ist Strauß verschwunden. Übrig bleibt nur das zerfetzte Gemälde und der unangenehme Gestank, den der Flacon hinterlassen hat.</p>",
    "conditions": [
      {
        "type": "place",
        "operator": "=",
        "value": "31",
        "isOr": false
      },
      {
        "type": "npc",
        "operator": "=",
        "value": "9",
        "isOr": false
      },
      {
        "type": "time",
        "operator": "=",
        "value": "38",
        "isOr": false
      }
    ]
  },
  {
    "id": "74",
    "name": "Herr Strauß erscheint.",
    "description": "<p>Plötzlich schwingt die Tür zum Keller auf, und im schwachen Licht erkennt ihr unvermittelt <span data-type=\"npc\" data-id=\"9\" class=\"item-link\" style=\"cursor: pointer; text-decoration: underline;\">Herr Strauß</span> oben auf der Treppe. Scheinbar ahnungslos, dass jemand hier unten ist, setzt er bereits zum Abstieg an. Genau in diesem Moment ruft eine Stimme von oben seinen Namen und fragt ihn etwas – wodurch Strauß inne hält, halb über die Schulter blickt und noch immer nicht weiß, dass ihr unten im Dunkeln steht. [Guten moment für einen Cliffhänger]</p>",
    "conditions": [
      {
        "type": "npc",
        "operator": "=",
        "value": "9",
        "isOr": false
      },
      {
        "type": "time",
        "operator": "=",
        "value": "35",
        "isOr": false
      },
      {
        "type": "place",
        "operator": "=",
        "value": "31",
        "isOr": false
      }
    ]
  },
  {
    "id": "76",
    "name": "Ein Schuss fällt",
    "description": "<p><span data-type=\"npc\" data-id=\"23\" class=\"item-link\" style=\"cursor: pointer; text-decoration: underline;\">Dr. von Gillenstein</span> wird erschossen</p><p><a href=\"https://www.myinstants.com/de/instant/revolver-da-hood-16360/?utm_source=copy&amp;utm_medium=share\" rel=\"noopener noreferrer\" target=\"_blank\">https://www.myinstants.com/de/instant/revolver-da-hood-16360/?utm_source=copy&amp;utm_medium=share</a></p>",
    "conditions": [
      {
        "type": "npc",
        "operator": "=",
        "value": "23",
        "isOr": false
      },
      {
        "type": "time",
        "operator": "=",
        "value": "14",
        "isOr": true
      },
      {
        "type": "npc",
        "operator": "=",
        "value": "8",
        "isOr": false
      },
      {
        "type": "time",
        "operator": "=",
        "value": "14",
        "isOr": true
      },
      {
        "type": "place",
        "operator": "=",
        "value": "22",
        "isOr": false
      },
      {
        "type": "time",
        "operator": "=",
        "value": "14",
        "isOr": true
      }
    ]
  }
]