[
  {
    "id": "1",
    "name": "John Daik (Landstreicher)",
    "image": "images/npc_1.png",
    "schedule": [
      {
        "timeStart": "50",
        "placeId": "4",
        "row": 18,
        "col": 5
      },
      {
        "timeStart": "75",
        "placeId": "4",
        "row": 21,
        "col": 14
      },
      {
        "timeStart": "13",
        "placeId": "22",
        "row": 25,
        "col": 23
      },
      {
        "timeStart": "14",
        "placeId": "22",
        "row": 25,
        "col": 23
      },
      {
        "timeStart": "35",
        "placeId": "22",
        "row": 25,
        "col": 23
      },
      {
        "timeStart": "38",
        "placeId": "22",
        "row": 25,
        "col": 23
      },
      {
        "timeStart": "30",
        "placeId": "22",
        "row": 25,
        "col": 23
      },
      {
        "timeStart": "40",
        "placeId": "22",
        "row": 25,
        "col": 23
      },
      {
        "timeStart": "56",
        "placeId": "22",
        "row": 25,
        "col": 23
      },
      {
        "timeStart": "57",
        "placeId": "22",
        "row": 25,
        "col": 23
      }
    ],
    "profession": "Pförtner am Leichenschauhaus (ehemaliger Landstreicher)",
    "appearance": "<p>Mittvierziger Mann mit zerzaustem Haar und Civil gekleidet. Er hat ein leichtes Zittern und einen flüchtigen, unruhigen Blick. Hat einen kleinen Bierbaum.\n\n</p>",
    "description": "<p>Verletzt sich beim Betrunken Stürzen vor der Bar.</p><p>Im Betäubtem Zustand sind ihm keine Informationen zu entnehmen.</p><p>--------------\n<strong>[Spielleiter]</strong> Wurde betäubt, damit er nicht mitbekommt, wann die Leiche von <span data-type=\"npc\" data-id=\"8\" class=\"item-link\" style=\"color: blue; cursor: pointer; text-decoration: underline;\">Winford Augustus Sligh</span> gebracht wurde.</p><p><strong>[Auf Nachfrage] </strong>Könnte Winford Sligh beschreiben. (<span data-type=\"npc\" data-id=\"46\" class=\"item-link\" style=\"color: blue; cursor: pointer; text-decoration: underline;\">Thomas Bigsby</span> war im Körper von <span data-type=\"npc\" data-id=\"8\" class=\"item-link\" style=\"color: blue; cursor: pointer; text-decoration: underline;\">Winford Augustus Sligh </span>hier um ihm was in den Kaffee zu mischen)</p><p><strong>[Überzeugen / Oder wenn sie vorher behilflich waren]</strong> Lässt die Spieler hinein gehen.</p>",
    "maxHP": "100",
    "currentHP": "100",
    "maxMentalHP": "100",
    "currentMentalHP": "100",
    "attributes": {
      "Physical": {
        "entries": [
          {
            "name": "Rennen",
            "points": 20,
            "bonus": 8,
            "total": 28
          },
          {
            "name": "Klettern",
            "points": 25,
            "bonus": 8,
            "total": 33
          },
          {
            "name": "Verstecken",
            "points": 15,
            "bonus": 8,
            "total": 23
          },
          {
            "name": "Schlagen",
            "points": 20,
            "bonus": 8,
            "total": 28
          }
        ],
        "powerPoints": 1,
        "bonusPoints": 8
      },
      "Knowledge": {
        "entries": [
          {
            "name": "Englisch",
            "points": 30,
            "bonus": 7,
            "total": 37
          },
          {
            "name": "Wahrnehmung",
            "points": 25,
            "bonus": 7,
            "total": 32
          },
          {
            "name": "Spuren lesen",
            "points": 15,
            "bonus": 7,
            "total": 22
          }
        ],
        "powerPoints": 1,
        "bonusPoints": 7
      },
      "Social": {
        "entries": [
          {
            "name": "Lügen",
            "points": 25,
            "bonus": 9,
            "total": 34
          },
          {
            "name": "Menschenkenntnis",
            "points": 30,
            "bonus": 9,
            "total": 39
          },
          {
            "name": "Einschüchtern",
            "points": 20,
            "bonus": 9,
            "total": 29
          },
          {
            "name": "Feilschen",
            "points": 20,
            "bonus": 9,
            "total": 29
          }
        ],
        "powerPoints": 1,
        "bonusPoints": 9
      }
    },
    "color": "#64718f"
  },
  {
    "id": "2",
    "name": "Bar Gast",
    "image": "images/npc_2.png",
    "schedule": [
      {
        "timeStart": "50",
        "placeId": "4",
        "row": 8,
        "col": 14
      },
      {
        "timeStart": "75",
        "placeId": "4",
        "row": 8,
        "col": 14
      },
      {
        "timeStart": "12",
        "placeId": "4",
        "row": 8,
        "col": 14
      },
      {
        "timeStart": "13",
        "placeId": "4",
        "row": 8,
        "col": 14
      },
      {
        "timeStart": "14",
        "placeId": "4",
        "row": 8,
        "col": 14
      },
      {
        "timeStart": "35",
        "placeId": "4",
        "row": 8,
        "col": 14
      },
      {
        "timeStart": "38",
        "placeId": "4",
        "row": 8,
        "col": 14
      },
      {
        "timeStart": "30",
        "placeId": "4",
        "row": 8,
        "col": 14
      },
      {
        "timeStart": "40",
        "placeId": "4",
        "row": 8,
        "col": 14
      },
      {
        "timeStart": "56",
        "placeId": "4",
        "row": 8,
        "col": 14
      },
      {
        "timeStart": "57",
        "placeId": "4",
        "row": 8,
        "col": 14
      }
    ],
    "profession": "Gast in der Bar",
    "appearance": "<p>Unauffällig gekleideter Mann um die Dreißig, mit leicht geröteten Wangen vom Alkohol.</p><p>Wirkt etwas müde, aber freundlich.</p>",
    "description": "<p>Ist einfach ein Gast in der Bar.</p>",
    "maxHP": "100",
    "currentHP": "100",
    "maxMentalHP": "100",
    "currentMentalHP": "100",
    "attributes": {
      "Physical": {
        "entries": [
          {
            "name": "Rennen",
            "points": 20,
            "bonus": 4,
            "total": 24
          },
          {
            "name": "Treten",
            "points": 10,
            "bonus": 4,
            "total": 14
          },
          {
            "name": "Verstecken",
            "points": 10,
            "bonus": 4,
            "total": 14
          }
        ],
        "powerPoints": 1,
        "bonusPoints": 4
      },
      "Knowledge": {
        "entries": [
          {
            "name": "Englisch",
            "points": 25,
            "bonus": 4,
            "total": 29
          },
          {
            "name": "Literatur",
            "points": 20,
            "bonus": 4,
            "total": 24
          }
        ],
        "powerPoints": 1,
        "bonusPoints": 4
      },
      "Social": {
        "entries": [
          {
            "name": "Unterhalten",
            "points": 30,
            "bonus": 5,
            "total": 35
          },
          {
            "name": "Beeindrucken",
            "points": 15,
            "bonus": 5,
            "total": 20
          },
          {
            "name": "Betören",
            "points": 10,
            "bonus": 5,
            "total": 15
          }
        ],
        "powerPoints": 1,
        "bonusPoints": 5
      }
    },
    "color": "#3b828f"
  },
  {
    "id": "6",
    "name": "Barkeeper",
    "image": "images/npc_6.png",
    "schedule": [
      {
        "timeStart": "12",
        "placeId": "4",
        "row": 7,
        "col": 23
      },
      {
        "timeStart": "14",
        "placeId": "4",
        "row": 7,
        "col": 23
      },
      {
        "timeStart": "35",
        "placeId": "4",
        "row": 7,
        "col": 23
      },
      {
        "timeStart": "38",
        "placeId": "4",
        "row": 7,
        "col": 23
      },
      {
        "timeStart": "30",
        "placeId": "4",
        "row": 7,
        "col": 23
      },
      {
        "timeStart": "40",
        "placeId": "4",
        "row": 7,
        "col": 23
      },
      {
        "timeStart": "56",
        "placeId": "4",
        "row": 7,
        "col": 23
      },
      {
        "timeStart": "57",
        "placeId": "4",
        "row": 7,
        "col": 23
      },
      {
        "timeStart": "75",
        "placeId": "4",
        "row": 7,
        "col": 23
      },
      {
        "timeStart": "50",
        "placeId": "4",
        "row": 7,
        "col": 23
      },
      {
        "timeStart": "13",
        "placeId": "4",
        "row": 7,
        "col": 23
      }
    ],
    "profession": "Barkeeper",
    "appearance": "<p>Kräftig gebauter Mann in sauberer Schürze. Dunkles, kurzes Haar, gepflegter Schnurrbart.</p><p>Wirkt geschäftstüchtig und aufmerksam.</p>",
    "description": "<p><strong>[Bestechen 20 Schilling]</strong> Der Junge, der den Brief gebracht hat, ist sonst in der Nähe des Clubs unterwegs. (Möglichkeit den Ort <span data-type=\"place\" data-id=\"31\" class=\"item-link\" style=\"color: blue; cursor: pointer; text-decoration: underline;\">London Rivalry Club</span> früher zu finden.)</p>",
    "maxHP": "100",
    "currentHP": "100",
    "maxMentalHP": "100",
    "currentMentalHP": "100",
    "attributes": {
      "Physical": {
        "entries": [
          {
            "name": "Heben",
            "points": 35,
            "bonus": 5,
            "total": 40
          },
          {
            "name": "Klettern",
            "points": 20,
            "bonus": 5,
            "total": 25
          }
        ],
        "powerPoints": 1,
        "bonusPoints": 5
      },
      "Knowledge": {
        "entries": [
          {
            "name": "Kochen",
            "points": 30,
            "bonus": 5,
            "total": 35
          },
          {
            "name": "Geographie",
            "points": 20,
            "bonus": 5,
            "total": 25
          }
        ],
        "powerPoints": 1,
        "bonusPoints": 5
      },
      "Social": {
        "entries": [
          {
            "name": "Verhandeln",
            "points": 35,
            "bonus": 8,
            "total": 43
          },
          {
            "name": "Lügen",
            "points": 20,
            "bonus": 8,
            "total": 28
          },
          {
            "name": "Menschenkenntnis",
            "points": 30,
            "bonus": 8,
            "total": 38
          }
        ],
        "powerPoints": 1,
        "bonusPoints": 8
      }
    },
    "color": "#7aab79"
  },
  {
    "id": "7",
    "name": "James (Jebediah) Pickasworth",
    "image": "images/npc_7.png",
    "schedule": [
      {
        "timeStart": "50",
        "placeId": "3",
        "row": 14,
        "col": 9
      },
      {
        "timeStart": "75",
        "placeId": "3",
        "row": 14,
        "col": 10
      },
      {
        "timeStart": "12",
        "placeId": "3",
        "row": 14,
        "col": 12
      },
      {
        "timeStart": "13",
        "placeId": "3",
        "row": 13,
        "col": 10
      }
    ],
    "profession": "Anwalt",
    "appearance": "<p>Plump, dicklich, trägt teure, aber wenig geschmackvolle Kleidung. Die Hose hängt zu weit an seinen kurzen Beinen.</p><p>Wirkt schnöselig.</p>",
    "description": "<p>Betreut das Testament und Erbe der Familie Sligh.\n\n<strong>[Überzeugen] </strong>Kürzliche Änderung des Testaments, vor nicht einmal 4 Tagen. Zugunsten von <span data-type=\"npc\" data-id=\"46\" class=\"item-link\" style=\"color: blue; cursor: pointer; text-decoration: underline;\">Thomas Bigsby</span>, kurz vor dessen Tod.\nEr sucht nach Herrn Bigsby, um das Testament zu vollstrecken.</p>",
    "maxHP": "100",
    "currentHP": "100",
    "maxMentalHP": "100",
    "currentMentalHP": "100",
    "attributes": {
      "Physical": {
        "entries": [
          {
            "name": "Rennen",
            "points": 20,
            "bonus": 3,
            "total": 23
          },
          {
            "name": "Treten",
            "points": 10,
            "bonus": 3,
            "total": 13
          }
        ],
        "powerPoints": 1,
        "bonusPoints": 3
      },
      "Knowledge": {
        "entries": [
          {
            "name": "Politik",
            "points": 35,
            "bonus": 9,
            "total": 44
          },
          {
            "name": "Mathematik",
            "points": 25,
            "bonus": 9,
            "total": 34
          },
          {
            "name": "Englisch",
            "points": 30,
            "bonus": 9,
            "total": 39
          }
        ],
        "powerPoints": 1,
        "bonusPoints": 9
      },
      "Social": {
        "entries": [
          {
            "name": "Feilschen",
            "points": 30,
            "bonus": 8,
            "total": 38
          },
          {
            "name": "Menschenkenntnis",
            "points": 25,
            "bonus": 8,
            "total": 33
          },
          {
            "name": "Manipulieren",
            "points": 30,
            "bonus": 8,
            "total": 38
          }
        ],
        "powerPoints": 1,
        "bonusPoints": 8
      }
    },
    "color": "#99be82"
  },
  {
    "id": "8",
    "name": "Winford Augustus Sligh",
    "image": "images/npc_8.png",
    "schedule": [
      {
        "timeStart": "56",
        "placeId": "52",
        "row": 12,
        "col": 2
      },
      {
        "timeStart": "75",
        "placeId": "5",
        "row": 18,
        "col": 9
      },
      {
        "timeStart": "40",
        "placeId": "39",
        "row": 16,
        "col": 21
      },
      {
        "timeStart": "56",
        "placeId": "39",
        "row": 3,
        "col": 37
      },
      {
        "timeStart": "50",
        "placeId": "5",
        "row": 18,
        "col": 12
      },
      {
        "timeStart": "12",
        "placeId": "5",
        "row": 21,
        "col": 12
      },
      {
        "timeStart": "35",
        "placeId": "31",
        "row": 18,
        "col": 28
      },
      {
        "timeStart": "38",
        "placeId": "31",
        "row": 7,
        "col": 29
      },
      {
        "timeStart": "57",
        "placeId": "31",
        "row": 17,
        "col": 24
      },
      {
        "timeStart": "13",
        "placeId": "22",
        "row": 5,
        "col": 39
      },
      {
        "timeStart": "14",
        "placeId": "22",
        "row": 5,
        "col": 39
      }
    ],
    "profession": "Geschäftsmann",
    "appearance": "<p>Schlanker, blasser Herr mit markanten Gesichtszügen.</p><p>Graue/weiße Haare, nach hinten gekämmt.</p><p>Gepflegter Schnurrbart und kleine Brille.</p>",
    "description": "<p>Besessen von Thomas Bigsby und Belvis.</p><p><strong>[Spielleiter] </strong>War kurz vor den Spielern im <span data-type=\"place\" data-id=\"5\" class=\"item-link\" style=\"color: blue; cursor: pointer; text-decoration: underline;\">Haus der Familie Slai</span>, um das Original-Testament zu stehlen.\n\n<strong>[Belvis] </strong>Mischkreatur aus Wolf, Bestie. Hatte sehr hohen Rücken und Besen Kamm. Riesige Zähne und Klauen. Große Füße, die Vorderläufe eher wie riesige Hände mit großen Krallen.\nWenn getötet &gt; Zurückverwandelt zu Winford, aber tot. + Man hätte einen Stein von dem Gehstock von Herrn Strauß gefunden.\n\n\n<strong>[</strong><strong style=\"color: blue;\"><span data-type=\"npc\" data-id=\"46\" class=\"item-link\" style=\"cursor: pointer; text-decoration: underline;\">Thomas Bigsby</span></strong><strong>] </strong>Winford sollte aus dem Weg. Seine Frau und ich hatten eine Zukunft.\nIch brauchte sein Geld.\nDas Hausmädchen hätte fast alles ruiniert. So habe ich sie verschwinden lassen.\nHabe junge Körper an alte Menschen verkauft.</p>",
    "maxHP": "500",
    "currentHP": "500",
    "maxMentalHP": "100",
    "currentMentalHP": "100",
    "attributes": {
      "Physical": {
        "entries": [
          {
            "name": "Schießen",
            "points": 45,
            "bonus": 8,
            "total": 53
          },
          {
            "name": "Rennen",
            "points": 20,
            "bonus": 8,
            "total": 28
          },
          {
            "name": "Klettern",
            "points": 20,
            "bonus": 8,
            "total": 28
          }
        ],
        "powerPoints": 1,
        "bonusPoints": 8
      },
      "Knowledge": {
        "entries": [
          {
            "name": "Latein",
            "points": 30,
            "bonus": 7,
            "total": 37
          },
          {
            "name": "Fauna",
            "points": 25,
            "bonus": 7,
            "total": 32
          },
          {
            "name": "Flora",
            "points": 20,
            "bonus": 7,
            "total": 27
          }
        ],
        "powerPoints": 1,
        "bonusPoints": 7
      },
      "Social": {
        "entries": [
          {
            "name": "Einschüchtern",
            "points": 30,
            "bonus": 5,
            "total": 35
          },
          {
            "name": "Menschenkenntnis",
            "points": 25,
            "bonus": 5,
            "total": 30
          }
        ],
        "powerPoints": 1,
        "bonusPoints": 5
      }
    },
    "color": "#9937b1"
  },
  {
    "id": "9",
    "name": "Herr Strauß",
    "image": "images/npc_9.png",
    "schedule": [
      {
        "timeStart": "13",
        "placeId": "31",
        "row": 14,
        "col": 29
      },
      {
        "timeStart": "14",
        "placeId": "31",
        "row": 17,
        "col": 27
      },
      {
        "timeStart": "30",
        "placeId": "52",
        "row": 2,
        "col": 22
      },
      {
        "timeStart": "50",
        "placeId": "31",
        "row": 6,
        "col": 35
      },
      {
        "timeStart": "75",
        "placeId": "31",
        "row": 15,
        "col": 37
      },
      {
        "timeStart": "12",
        "placeId": "31",
        "row": 16,
        "col": 33
      },
      {
        "timeStart": "35",
        "placeId": "31",
        "row": 18,
        "col": 27
      },
      {
        "timeStart": "38",
        "placeId": "31",
        "row": 14,
        "col": 30
      }
    ],
    "profession": "Unbekannt (möglicher Okkultist)",
    "appearance": "<p>Groß, dünn, graue Haare, eigenartiger Akzent. Lackschuhe von außergewöhnlicher Güte und Gehstock.</p>",
    "description": "<p><strong>[Wahrnehmung / Menschenkenntnis]</strong> Umklammert Stab zum Angriff</p><p>Er wirkt Magie. Kann sich blitzschnell bewegen für einen kurzen Augenblick.</p>",
    "maxHP": "100",
    "currentHP": "100",
    "maxMentalHP": "100",
    "currentMentalHP": "100",
    "attributes": {
      "Physical": {
        "entries": [
          {
            "name": "Rennen",
            "points": 30,
            "bonus": 8,
            "total": 38
          },
          {
            "name": "Schusswaffen",
            "points": 50,
            "bonus": 8,
            "total": 58
          }
        ],
        "powerPoints": 1,
        "bonusPoints": 8
      },
      "Knowledge": {
        "entries": [
          {
            "name": "Dämonologie",
            "points": 55,
            "bonus": 12,
            "total": 67
          },
          {
            "name": "Schätzen",
            "points": 40,
            "bonus": 12,
            "total": 52
          },
          {
            "name": "Preisstruktur",
            "points": 30,
            "bonus": 12,
            "total": 42
          }
        ],
        "powerPoints": 2,
        "bonusPoints": 12
      },
      "Social": {
        "entries": [
          {
            "name": "Verhandeln",
            "points": 60,
            "bonus": 14,
            "total": 74
          },
          {
            "name": "Lügen",
            "points": 45,
            "bonus": 14,
            "total": 59
          },
          {
            "name": "Menschenkenntnis",
            "points": 40,
            "bonus": 14,
            "total": 54
          }
        ],
        "powerPoints": 2,
        "bonusPoints": 14
      }
    },
    "color": "#6a7342"
  },
  {
    "id": "10",
    "name": "Melva Sligh",
    "image": "images/npc_10.png",
    "schedule": [
      {
        "timeStart": "14",
        "placeId": "5",
        "row": 18,
        "col": 18
      },
      {
        "timeStart": "35",
        "placeId": "5",
        "row": 22,
        "col": 16
      },
      {
        "timeStart": "38",
        "placeId": "5",
        "row": 21,
        "col": 27
      },
      {
        "timeStart": "30",
        "placeId": "5",
        "row": 20,
        "col": 29
      },
      {
        "timeStart": "40",
        "placeId": "5",
        "row": 21,
        "col": 32
      },
      {
        "timeStart": "56",
        "placeId": "5",
        "row": 21,
        "col": 31
      },
      {
        "timeStart": "57",
        "placeId": "5",
        "row": 21,
        "col": 32
      },
      {
        "timeStart": "50",
        "placeId": "3",
        "row": 14,
        "col": 11
      },
      {
        "timeStart": "75",
        "placeId": "3",
        "row": 13,
        "col": 19
      },
      {
        "timeStart": "12",
        "placeId": "3",
        "row": 5,
        "col": 26
      },
      {
        "timeStart": "13",
        "placeId": "3",
        "row": 13,
        "col": 12
      }
    ],
    "profession": "Ehefrau von Winford Sligh",
    "appearance": "<p>Ältere, aber gepflegt aussehende Dame mit leicht ergrautem schwarzem Haar.</p><p>Trägt ein hochgeschlossenes schwarzes Kleid.</p><p>Schmale, rosige Wangen und ein formschönes Kinn.</p><p>Durchaus attraktiv, aber traurig und stur wirkend.</p>",
    "description": "<p>Weiß nichts von einem Brief.</p><p>Kennt die Protagonisten nicht.</p><p>Mann ist am Herzinfakt gestorben.</p><p>Konnte keinen Blick auf die Leiche ihres Mannes werfen.</p><p>Schreiben der Klinik seltsam da die Leiche unter Quarantäne gestellt wurde.</p><p>Erzählt vom Haus und dass man sich umschauen kann.</p><p><strong>[Testament Erwähnen]</strong></p><p>Verweist auf ihren Anwalt.\n</p><p>-------------------------\nSchreibt falsche Liebesbriefe.</p><p><strong>[Wenn konfrontiert mit Fakten]</strong></p><p>Erzählt von der Affäre und wo sie sich getroffen haben.</p>",
    "maxHP": "100",
    "currentHP": "100",
    "maxMentalHP": "100",
    "currentMentalHP": "100",
    "attributes": {
      "Physical": {
        "entries": [
          {
            "name": "Rennen",
            "points": 15,
            "bonus": 2,
            "total": 17
          },
          {
            "name": "Treten",
            "points": 10,
            "bonus": 2,
            "total": 12
          }
        ],
        "powerPoints": 1,
        "bonusPoints": 2
      },
      "Knowledge": {
        "entries": [
          {
            "name": "Modedesign",
            "points": 30,
            "bonus": 5,
            "total": 35
          },
          {
            "name": "Literatur",
            "points": 20,
            "bonus": 5,
            "total": 25
          }
        ],
        "powerPoints": 1,
        "bonusPoints": 5
      },
      "Social": {
        "entries": [
          {
            "name": "Lügen",
            "points": 40,
            "bonus": 12,
            "total": 52
          },
          {
            "name": "Betören",
            "points": 30,
            "bonus": 12,
            "total": 42
          },
          {
            "name": "Menschenkenntnis",
            "points": 30,
            "bonus": 12,
            "total": 42
          },
          {
            "name": "Beruhigen",
            "points": 20,
            "bonus": 12,
            "total": 32
          }
        ],
        "powerPoints": 2,
        "bonusPoints": 12
      }
    },
    "color": "#82864f"
  },
  {
    "id": "16",
    "name": "Frederik (Boote)",
    "image": "images/npc_16.png",
    "schedule": [
      {
        "timeStart": "50",
        "placeId": "4",
        "row": 19,
        "col": 1
      },
      {
        "timeStart": "38",
        "placeId": "31",
        "row": 20,
        "col": 24
      },
      {
        "timeStart": "75",
        "placeId": "4",
        "row": 14,
        "col": 17
      },
      {
        "timeStart": "13",
        "placeId": "5",
        "row": 23,
        "col": 22
      },
      {
        "timeStart": "35",
        "placeId": "5",
        "row": 22,
        "col": 17
      },
      {
        "timeStart": "30",
        "placeId": "31",
        "row": 27,
        "col": 8
      },
      {
        "timeStart": "40",
        "placeId": "31",
        "row": 27,
        "col": 7
      },
      {
        "timeStart": "56",
        "placeId": "31",
        "row": 27,
        "col": 7
      },
      {
        "timeStart": "57",
        "placeId": "31",
        "row": 27,
        "col": 7
      }
    ],
    "profession": "Botenjunge für Madam Gagool",
    "appearance": "<p>Kleiner, etwa 12-jähriger Junge mit schmuddeliger Mütze und abgetragenen, zerlumpten Kleidungsstücken.</p><p>Braunhaarig und etwas schüchtern wirkend.</p>",
    "description": "<p><em>*stotternd*</em></p><p>Bringt den Spielern die <span data-type=\"object\" data-id=\"15\" class=\"item-link\" style=\"color: blue; cursor: pointer; text-decoration: underline;\">Einladung</span>. Verlangt nach einem kleinen Trinkgeld.\nMs. Sligh (<span data-type=\"npc\" data-id=\"19\" class=\"item-link\" style=\"color: blue; cursor: pointer; text-decoration: underline;\">Cynthia Barker (Dienstmädchen)</span>) hat ihm den Brief gegeben (sah aus wie ein Dienstmädchen).</p><p>---------------\nMs. Sligh muss die Stadt verlassen. Deshalb war sie nicht Zuhause und er wollte einbrechen.\nArbeitet für <span data-type=\"npc\" data-id=\"17\" class=\"item-link\" style=\"color: blue; cursor: pointer; text-decoration: underline;\">Madam Gagool</span>.\nWollte etwas aus dem Haus klauen (einen leeren Parfüm Flacon).\nKann nicht lesen.</p><p>------------------</p><p>Bringt Tinte von Madam Gagool zu Ms. Sligh.</p><p>[Spieleleiter] Ms. Sligh möchte die Tinte um einen falschen Liebesbrief von Cynthia and Winford zu schreiben.</p>",
    "maxHP": "100",
    "currentHP": "100",
    "maxMentalHP": "100",
    "currentMentalHP": "100",
    "attributes": {
      "Physical": {
        "entries": [
          {
            "name": "Rennen",
            "points": 30,
            "bonus": 7,
            "total": 37
          },
          {
            "name": "Verstecken",
            "points": 25,
            "bonus": 7,
            "total": 32
          },
          {
            "name": "Klettern",
            "points": 20,
            "bonus": 7,
            "total": 27
          }
        ],
        "powerPoints": 1,
        "bonusPoints": 7
      },
      "Knowledge": {
        "entries": [
          {
            "name": "Straßenkenntnis",
            "points": 25,
            "bonus": 2,
            "total": 27
          }
        ],
        "powerPoints": 1,
        "bonusPoints": 2
      },
      "Social": {
        "entries": [
          {
            "name": "Lügen",
            "points": 20,
            "bonus": 4,
            "total": 24
          },
          {
            "name": "Feilschen",
            "points": 15,
            "bonus": 4,
            "total": 19
          },
          {
            "name": "Beeindrucken",
            "points": 10,
            "bonus": 4,
            "total": 14
          }
        ],
        "powerPoints": 1,
        "bonusPoints": 4
      }
    },
    "color": "#738e38"
  },
  {
    "id": "17",
    "name": "Madam Gagool",
    "image": "images/npc_17.png",
    "schedule": [
      {
        "timeStart": "50",
        "placeId": "31",
        "row": 29,
        "col": 5
      },
      {
        "timeStart": "12",
        "placeId": "31",
        "row": 29,
        "col": 5
      },
      {
        "timeStart": "13",
        "placeId": "31",
        "row": 29,
        "col": 5
      },
      {
        "timeStart": "14",
        "placeId": "31",
        "row": 29,
        "col": 5
      },
      {
        "timeStart": "35",
        "placeId": "31",
        "row": 29,
        "col": 5
      },
      {
        "timeStart": "38",
        "placeId": "31",
        "row": 29,
        "col": 5
      },
      {
        "timeStart": "30",
        "placeId": "31",
        "row": 29,
        "col": 5
      },
      {
        "timeStart": "40",
        "placeId": "31",
        "row": 29,
        "col": 5
      },
      {
        "timeStart": "56",
        "placeId": "31",
        "row": 29,
        "col": 5
      },
      {
        "timeStart": "57",
        "placeId": "31",
        "row": 29,
        "col": 5
      },
      {
        "timeStart": "75",
        "placeId": "31",
        "row": 29,
        "col": 5
      }
    ],
    "profession": "Wahrsagerin / Seherin",
    "appearance": "<p>Nicht sicher, ob Mann oder Frau.</p><p>Trägt einen Turban aus sternenbesticktem Stoff, geschmacklose Schminke mit wildem Rouge auf den Wangen, viele Ringe und Schmuck.</p><p>Das Dekolleté ist mit Tüchern ausgestopft.</p>",
    "description": "<p>Ist eine geldgierige Seherin.\nKümmert sich um <span data-type=\"npc\" data-id=\"16\" class=\"item-link\" style=\"color: blue; cursor: pointer; text-decoration: underline;\">Frederik (Boote)</span>.\n<strong>[Menschenkenntnis]</strong> Lügt über Brief. Will nicht ohne Entlohnung in den Ärger mit rein gezogen werden.\nHat den Brief geschrieben im Auftrag von Melva Sligh, glaubt aber nicht, dass sie diese Frau wirklich ist.\nSie beschreibt <span data-type=\"npc\" data-id=\"19\" class=\"item-link\" style=\"color: blue; cursor: pointer; text-decoration: underline;\">Cynthia Barker (Dienstmädchen)</span>.\nFrederik sollte die Tinte nicht zu Melva bringen. Tat es für Geld, weil Melva bezahlte. Er wollte sich ein Holzgewehr kaufen.</p>",
    "maxHP": "100",
    "currentHP": "100",
    "maxMentalHP": "100",
    "currentMentalHP": "100",
    "attributes": {
      "Physical": {
        "entries": [
          {
            "name": "Treten",
            "points": 15,
            "bonus": 3,
            "total": 18
          },
          {
            "name": "Rennen",
            "points": 15,
            "bonus": 3,
            "total": 18
          }
        ],
        "powerPoints": 1,
        "bonusPoints": 3
      },
      "Knowledge": {
        "entries": [
          {
            "name": "Okkultismus",
            "points": 40,
            "bonus": 7,
            "total": 47
          },
          {
            "name": "Englisch",
            "points": 30,
            "bonus": 7,
            "total": 37
          }
        ],
        "powerPoints": 1,
        "bonusPoints": 7
      },
      "Social": {
        "entries": [
          {
            "name": "Manipulieren",
            "points": 40,
            "bonus": 9,
            "total": 49
          },
          {
            "name": "Lügen",
            "points": 30,
            "bonus": 9,
            "total": 39
          },
          {
            "name": "Beeindrucken",
            "points": 20,
            "bonus": 9,
            "total": 29
          }
        ],
        "powerPoints": 1,
        "bonusPoints": 9
      }
    },
    "color": "#31bf92"
  },
  {
    "id": "19",
    "name": "Cynthia Barker (Dienstmädchen)",
    "image": "images/npc_19.png",
    "schedule": [
      {
        "timeStart": "50",
        "placeId": "31",
        "row": 6,
        "col": 28
      },
      {
        "timeStart": "75",
        "placeId": "31",
        "row": 6,
        "col": 28
      },
      {
        "timeStart": "12",
        "placeId": "31",
        "row": 6,
        "col": 28
      },
      {
        "timeStart": "13",
        "placeId": "31",
        "row": 6,
        "col": 28
      },
      {
        "timeStart": "14",
        "placeId": "31",
        "row": 6,
        "col": 28
      },
      {
        "timeStart": "35",
        "placeId": "31",
        "row": 6,
        "col": 27
      },
      {
        "timeStart": "38",
        "placeId": "31",
        "row": 6,
        "col": 28
      },
      {
        "timeStart": "30",
        "placeId": "31",
        "row": 6,
        "col": 28
      },
      {
        "timeStart": "40",
        "placeId": "31",
        "row": 6,
        "col": 29
      },
      {
        "timeStart": "56",
        "placeId": "31",
        "row": 7,
        "col": 28
      },
      {
        "timeStart": "57",
        "placeId": "31",
        "row": 7,
        "col": 29
      }
    ],
    "profession": "Dienstmädchen der Familie Sligh",
    "appearance": "<p>Hübsches, junges Mädchen, etwa 22 Jahre alt.</p><p>Langes blondes Haar, lange Beine, Stupsnase, wirkt wie ein Püppchen.</p><p>Fleißig und höflich, etwas verschlossen.</p>",
    "description": "<p><strong>[Wenn gefunden]</strong></p><p>Sieht übel zugerichtet aus. Blaue Flecken, kleine Wunden, Kleider zerrissen.</p>",
    "maxHP": "100",
    "currentHP": "100",
    "maxMentalHP": "100",
    "currentMentalHP": "100",
    "attributes": {
      "Physical": {
        "entries": [
          {
            "name": "Klettern",
            "points": 20,
            "bonus": 6,
            "total": 26
          },
          {
            "name": "Verstecken",
            "points": 25,
            "bonus": 6,
            "total": 31
          },
          {
            "name": "Rennen",
            "points": 20,
            "bonus": 6,
            "total": 26
          }
        ],
        "powerPoints": 1,
        "bonusPoints": 6
      },
      "Knowledge": {
        "entries": [
          {
            "name": "Deutsch",
            "points": 10,
            "bonus": 3,
            "total": 13
          },
          {
            "name": "Englisch",
            "points": 25,
            "bonus": 3,
            "total": 28
          }
        ],
        "powerPoints": 1,
        "bonusPoints": 3
      },
      "Social": {
        "entries": [
          {
            "name": "Menschenkenntnis",
            "points": 30,
            "bonus": 7,
            "total": 37
          },
          {
            "name": "Beruhigen",
            "points": 20,
            "bonus": 7,
            "total": 27
          },
          {
            "name": "Lügen",
            "points": 25,
            "bonus": 7,
            "total": 32
          }
        ],
        "powerPoints": 1,
        "bonusPoints": 7
      }
    },
    "color": "#745495"
  },
  {
    "id": "20",
    "name": "Martha Fletcher (Hausdame)",
    "image": "images/npc_20.png",
    "schedule": [
      {
        "timeStart": "14",
        "placeId": "5",
        "row": 20,
        "col": 28
      },
      {
        "timeStart": "38",
        "placeId": "5",
        "row": 12,
        "col": 10
      },
      {
        "timeStart": "75",
        "placeId": "5",
        "row": 14,
        "col": 15
      },
      {
        "timeStart": "50",
        "placeId": "5",
        "row": 10,
        "col": 24
      },
      {
        "timeStart": "12",
        "placeId": "5",
        "row": 17,
        "col": 18
      },
      {
        "timeStart": "13",
        "placeId": "5",
        "row": 23,
        "col": 16
      },
      {
        "timeStart": "35",
        "placeId": "5",
        "row": 11,
        "col": 26
      },
      {
        "timeStart": "30",
        "placeId": "5",
        "row": 12,
        "col": 27
      },
      {
        "timeStart": "40",
        "placeId": "5",
        "row": 16,
        "col": 23
      },
      {
        "timeStart": "56",
        "placeId": "5",
        "row": 15,
        "col": 25
      },
      {
        "timeStart": "57",
        "placeId": "5",
        "row": 15,
        "col": 25
      }
    ],
    "profession": "Hausdame",
    "appearance": "<p>Blondes, langes Haar zum Zopf gebunden.</p><p>Höfliches Auftreten, ordentliche Kleidung.</p><p>Wirkt zuverlässig und sorgsam.</p>",
    "description": "<p>Hat etwas im Haus gehört und wollte nachschauen.</p>",
    "maxHP": "100",
    "currentHP": "100",
    "maxMentalHP": "100",
    "currentMentalHP": "100",
    "attributes": {
      "Physical": {
        "entries": [
          {
            "name": "Klettern",
            "points": 15,
            "bonus": 3,
            "total": 18
          },
          {
            "name": "Rennen",
            "points": 20,
            "bonus": 3,
            "total": 23
          }
        ],
        "powerPoints": 1,
        "bonusPoints": 3
      },
      "Knowledge": {
        "entries": [
          {
            "name": "Kochen",
            "points": 15,
            "bonus": 3,
            "total": 18
          },
          {
            "name": "Englisch",
            "points": 20,
            "bonus": 3,
            "total": 23
          }
        ],
        "powerPoints": 1,
        "bonusPoints": 3
      },
      "Social": {
        "entries": [
          {
            "name": "Menschenkenntnis",
            "points": 30,
            "bonus": 5,
            "total": 35
          },
          {
            "name": "Unterhalten",
            "points": 20,
            "bonus": 5,
            "total": 25
          }
        ],
        "powerPoints": 1,
        "bonusPoints": 5
      }
    },
    "color": "#ad5eb0"
  },
  {
    "id": "23",
    "name": "Dr. von Gillenstein",
    "image": "images/npc_23.png",
    "schedule": [
      {
        "timeStart": "12",
        "placeId": "22",
        "row": 4,
        "col": 36
      },
      {
        "timeStart": "13",
        "placeId": "22",
        "row": 4,
        "col": 36
      },
      {
        "timeStart": "14",
        "placeId": "22",
        "row": 4,
        "col": 36
      },
      {
        "timeStart": "35",
        "placeId": "22",
        "row": 4,
        "col": 36
      },
      {
        "timeStart": "38",
        "placeId": "22",
        "row": 4,
        "col": 36
      },
      {
        "timeStart": "30",
        "placeId": "22",
        "row": 4,
        "col": 36
      },
      {
        "timeStart": "40",
        "placeId": "22",
        "row": 4,
        "col": 36
      },
      {
        "timeStart": "56",
        "placeId": "22",
        "row": 4,
        "col": 36
      },
      {
        "timeStart": "57",
        "placeId": "22",
        "row": 4,
        "col": 36
      },
      {
        "timeStart": "75",
        "placeId": "22",
        "row": 4,
        "col": 36
      },
      {
        "timeStart": "50",
        "placeId": "22",
        "row": 4,
        "col": 36
      }
    ],
    "profession": "Arzt (Royal Medical Institute)",
    "appearance": "<p>Mittleres Alter, dunkler Anzug mit medizinischem Abzeichen.</p><p>Wirkt leicht fahrig, schwitzige Stirn und nervöses Lächeln.</p>",
    "description": "<p><strong>[Menschenkenntnis]</strong> Unbehagen bei Erwähnung des Namens Sligh.\n<strong>[Konfrontation]</strong> Mister Bigsby hat ihn angestiftet.\n\nWird erschossen, als er Mr. Sligh sieht.\n221B Greenpark. London Rivory Club. in meiner Tasche. *tot*</p>",
    "maxHP": "100",
    "currentHP": "100",
    "maxMentalHP": "100",
    "currentMentalHP": "100",
    "attributes": {
      "Physical": {
        "entries": [
          {
            "name": "Rennen",
            "points": 15,
            "bonus": 2,
            "total": 17
          },
          {
            "name": "Verstecken",
            "points": 10,
            "bonus": 2,
            "total": 12
          }
        ],
        "powerPoints": 1,
        "bonusPoints": 2
      },
      "Knowledge": {
        "entries": [
          {
            "name": "Medizin",
            "points": 45,
            "bonus": 8,
            "total": 53
          },
          {
            "name": "Latein",
            "points": 25,
            "bonus": 8,
            "total": 33
          },
          {
            "name": "Wahrnehmung",
            "points": 15,
            "bonus": 8,
            "total": 23
          }
        ],
        "powerPoints": 1,
        "bonusPoints": 8
      },
      "Social": {
        "entries": [
          {
            "name": "Lügen",
            "points": 25,
            "bonus": 3,
            "total": 28
          },
          {
            "name": "Einschüchtern",
            "points": 10,
            "bonus": 3,
            "total": 13
          }
        ],
        "powerPoints": 1,
        "bonusPoints": 3
      }
    },
    "color": "#b3c46a"
  },
  {
    "id": "33",
    "name": "Bug Tinkerten (Türsteher)",
    "image": "images/npc_33.png",
    "schedule": [
      {
        "timeStart": "40",
        "placeId": "52",
        "row": 11,
        "col": 25
      },
      {
        "timeStart": "56",
        "placeId": "52",
        "row": 11,
        "col": 25
      },
      {
        "timeStart": "57",
        "placeId": "52",
        "row": 11,
        "col": 25
      },
      {
        "timeStart": "38",
        "placeId": "31",
        "row": 18,
        "col": 30
      },
      {
        "timeStart": "35",
        "placeId": "31",
        "row": 18,
        "col": 30
      },
      {
        "timeStart": "14",
        "placeId": "31",
        "row": 18,
        "col": 29
      },
      {
        "timeStart": "13",
        "placeId": "31",
        "row": 18,
        "col": 29
      },
      {
        "timeStart": "12",
        "placeId": "31",
        "row": 18,
        "col": 29
      },
      {
        "timeStart": "75",
        "placeId": "31",
        "row": 18,
        "col": 30
      },
      {
        "timeStart": "50",
        "placeId": "31",
        "row": 18,
        "col": 29
      }
    ],
    "profession": "Türsteher im Rivory Club",
    "appearance": "<p>Ein Hüne mit Glatze und großen Händen.</p><p>Wirkt übel zugerichtet und nicht besonders friedlich.</p>",
    "description": "<p><strong>[</strong><strong style=\"color: blue;\"><span data-type=\"object\" data-id=\"51\" class=\"item-link\" style=\"cursor: pointer; text-decoration: underline;\">Rivory Club Ring</span></strong><strong>]</strong></p><p>Kann sie in den Club lassen.</p><p>-----------------------------</p><p><strong>[Begegnung in der Kanalisation]</strong></p><p>Ich will raus hier.\nSehen Sie sich im Club um. Nichts ist nach Plan gelaufen. *tot*</p>",
    "maxHP": "100",
    "currentHP": "100",
    "maxMentalHP": "100",
    "currentMentalHP": "100",
    "attributes": {
      "Physical": {
        "entries": [
          {
            "name": "Heben",
            "points": 45,
            "bonus": 10,
            "total": 55
          },
          {
            "name": "Schlagen",
            "points": 40,
            "bonus": 10,
            "total": 50
          },
          {
            "name": "Klettern",
            "points": 20,
            "bonus": 10,
            "total": 30
          }
        ],
        "powerPoints": 1,
        "bonusPoints": 10
      },
      "Knowledge": {
        "entries": [
          {
            "name": "Englisch",
            "points": 20,
            "bonus": 2,
            "total": 22
          }
        ],
        "powerPoints": 1,
        "bonusPoints": 2
      },
      "Social": {
        "entries": [
          {
            "name": "Einschüchtern",
            "points": 40,
            "bonus": 6,
            "total": 46
          },
          {
            "name": "Menschenkenntnis",
            "points": 20,
            "bonus": 6,
            "total": 26
          }
        ],
        "powerPoints": 1,
        "bonusPoints": 6
      }
    },
    "color": "#a4a956"
  },
  {
    "id": "43",
    "name": "Ratlo",
    "image": "images/npc_43.png",
    "schedule": [
      {
        "timeStart": "50",
        "placeId": "39",
        "row": 25,
        "col": 24
      },
      {
        "timeStart": "12",
        "placeId": "39",
        "row": 25,
        "col": 24
      },
      {
        "timeStart": "13",
        "placeId": "39",
        "row": 25,
        "col": 24
      },
      {
        "timeStart": "14",
        "placeId": "39",
        "row": 25,
        "col": 24
      },
      {
        "timeStart": "35",
        "placeId": "39",
        "row": 25,
        "col": 24
      },
      {
        "timeStart": "38",
        "placeId": "39",
        "row": 25,
        "col": 24
      },
      {
        "timeStart": "30",
        "placeId": "39",
        "row": 25,
        "col": 24
      },
      {
        "timeStart": "40",
        "placeId": "39",
        "row": 25,
        "col": 24
      },
      {
        "timeStart": "56",
        "placeId": "39",
        "row": 25,
        "col": 24
      },
      {
        "timeStart": "57",
        "placeId": "39",
        "row": 25,
        "col": 24
      },
      {
        "timeStart": "75",
        "placeId": "39",
        "row": 25,
        "col": 24
      },
      {
        "timeStart": "75",
        "placeId": "39",
        "row": 25,
        "col": 24
      }
    ],
    "profession": "Teil des fahrenden Volkes",
    "appearance": "<p>Klein gewachsener Mann mit üppigem Schnurrbart, etwa 45 Jahre alt.</p><p>Wirkt agil, trägt bunte Kleidung.</p>",
    "description": "<p>Stellt eine Prüfung auf einem Wagen: Man soll hinaufklettern und ein Fähnchen ergattern.\n<strong>[Spielleiter]</strong> Von oben sieht man den Mordversuch an Malia.\n\n<strong>[Prüfung bestanden]</strong>\nLädt die Spieler zum Feiern am Feuer ein.</p>",
    "maxHP": "100",
    "currentHP": "100",
    "maxMentalHP": "100",
    "currentMentalHP": "100",
    "attributes": {
      "Physical": {
        "entries": [
          {
            "name": "Klettern",
            "points": 40,
            "bonus": 6,
            "total": 46
          },
          {
            "name": "Rennen",
            "points": 25,
            "bonus": 6,
            "total": 31
          }
        ],
        "powerPoints": 1,
        "bonusPoints": 6
      },
      "Knowledge": {
        "entries": [
          {
            "name": "Spuren lesen",
            "points": 20,
            "bonus": 2,
            "total": 22
          }
        ],
        "powerPoints": 1,
        "bonusPoints": 2
      },
      "Social": {
        "entries": [
          {
            "name": "Unterhalten",
            "points": 30,
            "bonus": 4,
            "total": 34
          },
          {
            "name": "Beeindrucken",
            "points": 15,
            "bonus": 4,
            "total": 19
          }
        ],
        "powerPoints": 1,
        "bonusPoints": 4
      }
    },
    "color": "#7642b9"
  },
  {
    "id": "46",
    "name": "Thomas Bigsby",
    "image": "images/npc_46.png",
    "schedule": [
      {
        "timeStart": "50",
        "placeId": "52",
        "row": 11,
        "col": 33
      },
      {
        "timeStart": "12",
        "placeId": "52",
        "row": 11,
        "col": 33
      },
      {
        "timeStart": "13",
        "placeId": "52",
        "row": 11,
        "col": 33
      },
      {
        "timeStart": "14",
        "placeId": "52",
        "row": 11,
        "col": 33
      },
      {
        "timeStart": "35",
        "placeId": "52",
        "row": 11,
        "col": 33
      },
      {
        "timeStart": "38",
        "placeId": "52",
        "row": 11,
        "col": 33
      },
      {
        "timeStart": "30",
        "placeId": "52",
        "row": 11,
        "col": 33
      },
      {
        "timeStart": "40",
        "placeId": "52",
        "row": 11,
        "col": 33
      },
      {
        "timeStart": "56",
        "placeId": "52",
        "row": 11,
        "col": 33
      },
      {
        "timeStart": "57",
        "placeId": "52",
        "row": 11,
        "col": 33
      },
      {
        "timeStart": "75",
        "placeId": "52",
        "row": 11,
        "col": 33
      }
    ],
    "profession": "Vorstand im Rivory Club",
    "appearance": "<p>Trägt einen schwarzen Mantel mit lila Innenfutter.</p><p>Gepflegtes Auftreten, aber kühler Blick.</p><p>Wirkt wohlhabend.</p>",
    "description": "<p><strong>[Spielleiter]</strong></p><p>Ist Vorstand im Rivory Club.</p><p>Hat <span data-type=\"npc\" data-id=\"8\" class=\"item-link\" style=\"color: blue; cursor: pointer; text-decoration: underline;\">Winford Augustus Sligh</span> aus dem Weg schaffen wollen.</p><p>Braucht dessen Geld.</p><p>Hatte eine Affäre mit <span data-type=\"npc\" data-id=\"10\" class=\"item-link\" style=\"color: blue; cursor: pointer; text-decoration: underline;\">Melva Sligh</span>.</p><p>Hat junge Körper an alte Menschen verkauft.</p>",
    "maxHP": "100",
    "currentHP": "100",
    "maxMentalHP": "100",
    "currentMentalHP": "100",
    "attributes": {
      "Physical": {
        "entries": [
          {
            "name": "Schießen",
            "points": 40,
            "bonus": 5,
            "total": 45
          },
          {
            "name": "Klettern",
            "points": 15,
            "bonus": 5,
            "total": 20
          }
        ],
        "powerPoints": 1,
        "bonusPoints": 5
      },
      "Knowledge": {
        "entries": [
          {
            "name": "Politik",
            "points": 25,
            "bonus": 6,
            "total": 31
          },
          {
            "name": "Geschäftssinn",
            "points": 40,
            "bonus": 6,
            "total": 46
          }
        ],
        "powerPoints": 1,
        "bonusPoints": 6
      },
      "Social": {
        "entries": [
          {
            "name": "Manipulieren",
            "points": 40,
            "bonus": 9,
            "total": 49
          },
          {
            "name": "Lügen",
            "points": 35,
            "bonus": 9,
            "total": 44
          },
          {
            "name": "Einschüchtern",
            "points": 20,
            "bonus": 9,
            "total": 29
          }
        ],
        "powerPoints": 1,
        "bonusPoints": 9
      }
    },
    "color": "#ac2fb8"
  },
  {
    "id": "48",
    "name": "Malia",
    "image": "images/npc_48.png",
    "schedule": [
      {
        "timeStart": "50",
        "placeId": "39",
        "row": 17,
        "col": 20
      },
      {
        "timeStart": "12",
        "placeId": "39",
        "row": 17,
        "col": 20
      },
      {
        "timeStart": "13",
        "placeId": "39",
        "row": 17,
        "col": 20
      },
      {
        "timeStart": "14",
        "placeId": "39",
        "row": 17,
        "col": 20
      },
      {
        "timeStart": "35",
        "placeId": "39",
        "row": 17,
        "col": 20
      },
      {
        "timeStart": "38",
        "placeId": "39",
        "row": 17,
        "col": 20
      },
      {
        "timeStart": "30",
        "placeId": "39",
        "row": 17,
        "col": 20
      },
      {
        "timeStart": "40",
        "placeId": "39",
        "row": 17,
        "col": 20
      },
      {
        "timeStart": "56",
        "placeId": "39",
        "row": 17,
        "col": 20
      },
      {
        "timeStart": "57",
        "placeId": "39",
        "row": 17,
        "col": 20
      },
      {
        "timeStart": "75",
        "placeId": "39",
        "row": 17,
        "col": 20
      }
    ],
    "profession": "Händlerin im fahrenden Volk",
    "appearance": "<p>Kleine Frau, teils ergraut, faltiges Gesicht.</p><p>In unzählige Schichten Stoff gehüllt, teils teuer, teils billig, mit Gold- und Silberpailletten.</p>",
    "description": "<p><strong>[Beschreibung des Mantels]</strong></p><p>Sie kennt diese Person: <span data-type=\"npc\" data-id=\"46\" class=\"item-link\" style=\"color: blue; cursor: pointer; text-decoration: underline;\">Thomas Bigsby</span>. War häufig mit einer Melva Sligh hier.\n</p><p><br></p><p>[Als Dank]</p><p><span data-type=\"npc\" data-id=\"10\" class=\"item-link\" style=\"color: blue; cursor: pointer; text-decoration: underline;\">Melva Sligh</span> hat diesen Wagen gemietet. Sie hat ihn als Liebesnest genutzt.\nBigsby und Sligh scheinen mehr als nur Bekannte gewesen zu sein.</p><p>Sligh war schon eine Weile nicht mehr da.\nNicht mal das hier hat sie abgeholt (übergibt <span data-type=\"object\" data-id=\"49\" class=\"item-link\" style=\"color: blue; cursor: pointer; text-decoration: underline;\">Amulett</span>).\nSie habe es im Auftrag von Misses Sligh erstellt, doch wurde nie bezahlt.</p>",
    "maxHP": "100",
    "currentHP": "100",
    "maxMentalHP": "100",
    "currentMentalHP": "100",
    "attributes": {
      "Physical": {
        "entries": [
          {
            "name": "Klettern",
            "points": 10,
            "bonus": 2,
            "total": 12
          },
          {
            "name": "Rennen",
            "points": 15,
            "bonus": 2,
            "total": 17
          }
        ],
        "powerPoints": 1,
        "bonusPoints": 2
      },
      "Knowledge": {
        "entries": [
          {
            "name": "Handel",
            "points": 35,
            "bonus": 5,
            "total": 40
          },
          {
            "name": "Flora",
            "points": 20,
            "bonus": 5,
            "total": 25
          }
        ],
        "powerPoints": 1,
        "bonusPoints": 5
      },
      "Social": {
        "entries": [
          {
            "name": "Feilschen",
            "points": 40,
            "bonus": 7,
            "total": 47
          },
          {
            "name": "Betören",
            "points": 20,
            "bonus": 7,
            "total": 27
          },
          {
            "name": "Unterhalten",
            "points": 15,
            "bonus": 7,
            "total": 22
          }
        ],
        "powerPoints": 1,
        "bonusPoints": 7
      }
    },
    "color": "#6c7135"
  }
]