[
  {
    "id": "11",
    "name": "Leerer Sarg",
    "description": "[Untersuchen] Laken im Sarg sind vom Royal Medical Institute.",
    "image": "images/object_11.png",
    "position": {
      "type": "place",
      "targetId": "3",
      "x": 9,
      "y": 11
    }
  },
  {
    "id": "15",
    "name": "Einladung",
    "description": "in Roter Tinte geschrieben. Viele Schreibfehler. Schlampige Schrift.\n\nSehr geehrte Heren,\nich habe von ihne gehöhrt, sie habn den Fall auf dem Anwesen der Morritons gelößt.\nIch bruache hilfe, mein mann ist tot, doch es stimmte iergend was nicht daran.\nAngeblich starb er im Clup an Herzenfakt.\nDoch das glaube ich nicht.\nUnd auch das geredde über eine Affeere, alles unfug.\nDoch das Merkwürdige kommt erst jetz. Seine Leiche… Die Männer vom Clup haben sie uns nich einmahl sehn lassen.\nUnd dan dieses eiganrtige Testamend. Es stimmt eifach etwas nicht.\nIch brauche ihre hilfe und werde dafür angemesn bezahlen.\nKommen sie bite zu seiner beerdigung.\nBitte. Sie findt heute um 16 Uhr auf dem Brompton-Fridhof statt.\n\nmfg\nMelva Sligh\n\n[Spielleiter]\nDieser Brief wurde unter falschen Namen von Cynthia Barker bei Madam Gogool in Auftrag gegeben.\nCynthia konnte kurz fliehen und ist zu Madam Gogool. Sie hatte von den Spielern gehört.",
    "image": "images/object_15.png",
    "position": {
      "type": "npc",
      "targetId": "16"
    }
  },
  {
    "id": "18",
    "name": "leeren Parfüm Flacon",
    "description": "<p>Komplet leer.</p><p>[Spielleiter] Wurde aus dem Haus der Sligh geklaut. Kann genutzt werden um Körpertausch Ritual durchzuführen.</p>",
    "image": "images/object_18.png",
    "position": {
      "type": "npc",
      "targetId": "16"
    }
  },
  {
    "id": "21",
    "name": "Brief vom Royal Medical Institute",
    "description": "Totenschein. schlampig ausgefüllt.\nTodesursache: Herzinfarkt\nQuarantäne: ja\nOrt: -\n\nUnterschrift: Dr. von Gillstein",
    "image": "images/object_21.png",
    "position": {
      "type": "place",
      "targetId": "5",
      "x": 18,
      "y": 21
    }
  },
  {
    "id": "24",
    "name": "Notiz (versteckt im Bett)",
    "description": "<p>versteckt in Schatulle.\n\nEs hat zwei Flügel und kann doch nicht fliegen.\nEs hat ein Rücken und kann doch nicht liegen.\nEs trägt eine Brille und kann doch nicht sehen.\nEs hat ein Bein und kann doch nicht stehen.\nZwar kann es Laufen aber nicht gehen.\n\nLöse dies kleine Cynthia und besuche dann mein Büro.\n\n[Antwort]: Die Nase</p>",
    "image": "images/object_24.png",
    "position": {
      "type": "place",
      "targetId": "5",
      "x": 25,
      "y": 20
    }
  },
  {
    "id": "25",
    "name": "Schatulle",
    "description": "",
    "image": "images/object_25.png",
    "position": {
      "type": "place",
      "targetId": "5",
      "x": 24,
      "y": 20
    }
  },
  {
    "id": "26",
    "name": "Ranzige Butter",
    "description": "Liegt auf dem Schreibtisch im Arbeitszimmer neben ein paar Crackern.\n\n[Untersuchen] Auf der Butter sind Wassertropfen (Feuchtigkeit aus dem Geheimgang)",
    "image": "images/object_26.png",
    "position": {
      "type": "place",
      "targetId": "5",
      "x": 11,
      "y": 19
    }
  },
  {
    "id": "27",
    "name": "Freie Stelle",
    "description": "<p>Der Tisch ist an einer stelle Sauber als hätte vor kurzen jemand ein Objekt von hier entfernt dass schon lange da stand.\nEs scheint ein Blatt Papier gewesen zu sein.</p><p><strong>[Spielleiter]</strong> Es handelt sich um das Testament.</p>",
    "image": "images/object_27.png",
    "position": {
      "type": "place",
      "targetId": "5",
      "x": 12,
      "y": 19
    }
  },
  {
    "id": "28",
    "name": "Schlüssel ",
    "description": "(zum Zimmer des Dienstmädchen)\nbefindet sich im Schreibtisch im Arbeitszimmer",
    "image": "images/object_28.png",
    "position": {
      "type": "place",
      "targetId": "5",
      "x": 12,
      "y": 19
    }
  },
  {
    "id": "29",
    "name": "Testament (Entwurf)",
    "description": "versteckt in der Nase der Büste im Arbeitszimmer\n\nBegünstigt Frau Sligh und Cynthia Barker. Unterschrieben von Winford Sligh aber noch nicht notariell beglaubigt.\nImmobilien in London und Berlin\n\n[Spielleiter]\nTestament wurde geändert weil Sligh von Cynthia gehört hate dass seine Frau eine Affäre hatte und weil Cynthia deshalb schlecht behandelt wird.\nSie waren gut befreundet.",
    "image": "images/object_29.png",
    "position": {
      "type": "place",
      "targetId": "5",
      "x": 10,
      "y": 22
    }
  },
  {
    "id": "32",
    "name": "Schlüssel (Keller)",
    "description": "<p>Öffnet die Kellertüre im <span data-type=\"place\" data-id=\"22\" class=\"item-link\" style=\"cursor: pointer; text-decoration: underline;\">Royal Medical Institute</span></p>",
    "image": "images/object_32.png",
    "position": {
      "type": "npc",
      "targetId": "23"
    }
  },
  {
    "id": "34",
    "name": "Blutiges Bettlaken",
    "description": "<p><strong>[Spielleiter]</strong> Hinweis auf die Misshandlung von <span data-type=\"npc\" data-id=\"19\" class=\"item-link\" style=\"cursor: pointer; text-decoration: underline;\">Cynthia Barker (Dienstmädchen)</span></p>",
    "image": "images/object_34.png",
    "position": {
      "type": "place",
      "targetId": "31",
      "x": 30,
      "y": 15
    }
  },
  {
    "id": "36",
    "name": "Gemälde von Winford Augustus Sligh",
    "description": "<p>Sprechendes Gemälde\nWurde in seinem Arbeitszimmer Überfallen.\nKörper wurde in Tinte verwandelt und in einen Flacon gefüllt. Danach war er ein Bild.\n<strong>[Herr Strauß kommt in den Keller] </strong>Verstecken sie sich. Dieser man ist das pure Böse.\n\n<strong>[Von Herr Strauß entführt] </strong></p><p>Er schreit noch kurz bevor er entführt wird: \"Vor den Toren der Stadt, Shallow tree, Fahrendesvolk, Melva\"\n*Aus dem kaputten Gemälde tropft Tinte*</p>",
    "image": "images/object_36.png",
    "position": {
      "type": "place",
      "targetId": "31",
      "x": 30,
      "y": 13
    }
  },
  {
    "id": "37",
    "name": "Gehstock von Herrn Strauß",
    "description": "<p>Hat einen Dämonen Schädel als Knauf und ist mit Steinen besetzt.</p>",
    "image": "images/object_37.png",
    "position": {
      "type": "npc",
      "targetId": "9"
    }
  },
  {
    "id": "41",
    "name": "Flacon mit Roter Tinte",
    "description": "<p>Nur rote Tinte</p><p><strong>[Spielleiter]</strong> Es ist die Selbe Tinte die für die Einladung der Spieler verwendet wurde.</p>",
    "image": "images/object_41.png",
    "position": {
      "type": "npc",
      "targetId": "17"
    }
  },
  {
    "id": "42",
    "name": "Okultes Monokel",
    "description": "<p><strong>[Spielleiter] </strong>Ist ein Optionales ITEM welches die Spieler Erhalten können. Mit seiner Hilfe können sie Okkultes sichtbar machen.</p>",
    "image": "images/object_42.png",
    "position": {
      "type": "npc",
      "targetId": "17"
    }
  },
  {
    "id": "44",
    "name": "Wilde Kräuter",
    "description": "<p>Verhindern dass man etwas riecht wenn man den Rauch beim verbrennen der Kräuter inhaliert.</p><p>[Spielleiter] Kann die Spieler vor dem Ritual schützen.</p>",
    "image": "images/object_44.png",
    "position": {
      "type": "place",
      "targetId": "39",
      "x": 17,
      "y": 30
    }
  },
  {
    "id": "45",
    "name": "Mantel mit Lila Innenfutter",
    "description": "<p><strong>[Spielleiter]</strong> Dieser Mantel gehört <span data-type=\"npc\" data-id=\"46\" class=\"item-link\" style=\"cursor: pointer; text-decoration: underline;\">Thomas Bigsby</span> aber wird von <span data-type=\"npc\" data-id=\"8\" class=\"item-link\" style=\"cursor: pointer; text-decoration: underline;\">Winford Augustus Sligh</span> getragen da Bigsby in seinem Körper ist.</p>",
    "image": "images/object_45.png",
    "position": {
      "type": "npc",
      "targetId": "8"
    }
  },
  {
    "id": "47",
    "name": "Zerbrochener Flacon",
    "description": "<p>Entsteht als Strauß flieht. Er lässt ihn fallen. Es ist der Flacon in dem Winford ursprünglich transportiert wurde.</p>",
    "image": "images/object_47.png",
    "position": {
      "type": "npc",
      "targetId": "9"
    }
  },
  {
    "id": "49",
    "name": "Amulett",
    "description": "Auf der Innenseite befindet sich ein Bild von Mr. Sligh und auf der Rückseite steht: \"CB\"",
    "image": "images/object_49.png",
    "position": {
      "type": "npc",
      "targetId": "48"
    }
  },
  {
    "id": "51",
    "name": "Rivory Club Ring",
    "description": "Befindet sich unter dem Bett",
    "image": "images/object_51.png",
    "position": {
      "type": "place",
      "targetId": "39",
      "x": 7,
      "y": 21
    }
  },
  {
    "id": "53",
    "name": "Dämonisches Buch",
    "description": "Furchtbare Zeichnungen\nBilvis der Neider\nDämon der Körper von Menschen beherrschen kann und mit Seelen Körper Wechsel zusammen hängt.\nEs wird ein Ritual beschrieben.\n[Latain] Formel zum exorzismus von Seelen. Kann in einem Flacon gefangen werden.",
    "image": "images/object_53.png",
    "position": {
      "type": "place",
      "targetId": "52",
      "x": 42,
      "y": 12
    }
  },
  {
    "id": "54",
    "name": "Einladung zur Beerdingung an Herrn Strauß",
    "description": "<p>Es handelt sich um die Einladung zur Beerdigung.\nSie ist adressiert an\nHerrn Strauß\nKarterroad 12\nGrindale (Vorort von London)\nEngland</p><p><br></p><p><strong>[Spielleiter] </strong>Dies ist ein Hinweis dem die Spieler in einem Zukünftigem Abenteuer folgen können.</p>",
    "image": "images/object_54.png",
    "position": {
      "type": "place",
      "targetId": "31",
      "x": 33,
      "y": 7
    }
  },
  {
    "id": "58",
    "name": "Wurfnetz",
    "description": "",
    "image": "images/object_58.png",
    "position": {
      "type": "npc",
      "targetId": "33"
    }
  },
  {
    "id": "59",
    "name": "Fesseln",
    "description": "Scheinbar wurde jemand damit hier festgehalten.",
    "image": "images/object_59.png",
    "position": {
      "type": "place",
      "targetId": "52",
      "x": 20,
      "y": 5
    }
  },
  {
    "id": "61",
    "name": "Liebesbrief",
    "description": "Geschrieben mit Roter Tinte (Wurde von Frederik gebracht)\nschöne Schrift, ohne Rechtschreibfehler.\n\nMein Lieber Winford,\nSo sehr sehne ich mich nach dir.\nIch kann den Tag unserer gemeinsamen Flucht kaum erwarten.\nWann sehen wir uns denn endlich wieder?\nIch erwarte dich und küsse dich tausendfach.\nIn liebe deine\nCynthia\n\n\n[Spielleiter]\nDieser Brief wurde von Malva Sligh geschrieben. als es klar wurde dass die ganze Geschichte etwas verworren ist. damit sie mit dem Erbe davon kommt.",
    "image": "images/object_61.png",
    "position": {
      "type": "npc",
      "targetId": "10"
    }
  },
  {
    "id": "66",
    "name": "Telegram",
    "description": "TELEGRAMM\nSINGING BOAR INN, 15 UHR STOP\nBITTE UM DRINGENDE HILFE BEZÜGLICH TODESFALL MEINES GATTEN STOP\nMYSTERIÖSE UNSTIMMIGKEITEN STOP\nENTLOHNUNG IST SICHER STOP\nGEZEICHNET MELVA SLIGH STOP",
    "image": "images/object_66.png",
    "position": null
  },
  {
    "id": "78",
    "name": "Revolver von Herr Strauß",
    "description": "<p>Schaden 7W10</p>",
    "image": "images/object_78.png",
    "position": {
      "type": "npc",
      "targetId": "9"
    }
  },
  {
    "id": "79",
    "name": "Revolver von Thomas Bigsby",
    "description": "<p>Schaden 7W10</p>",
    "image": "images/object_79.png",
    "position": {
      "type": "npc",
      "targetId": "8"
    }
  },
  {
    "id": "80",
    "name": "Messer",
    "description": "<p>Schaden 2W10</p>",
    "image": "images/object_80.png",
    "position": {
      "type": "npc",
      "targetId": "43"
    }
  },
  {
    "id": "81",
    "name": "Gewehr",
    "description": "<p>Schaden 8W10</p>",
    "image": "images/object_81.png",
    "position": {
      "type": "place",
      "targetId": "5",
      "x": 12,
      "y": 22
    }
  },
  {
    "id": "82",
    "name": "Schrotflinte",
    "description": "<p>Schaden 9W10</p>",
    "image": "images/object_82.png",
    "position": {
      "type": "place",
      "targetId": "31",
      "x": 34,
      "y": 13
    }
  }
]