[
  {
    "id": "3",
    "name": "Brompton-Friedhof",
    "background": "images/place_3.png",
    "gridSize": {
      "rows": 30,
      "cols": 40
    },
    "default": false,
    "description": "<p>AMBIENTE:</p><p><a href=\"https://youtu.be/4dS3fzJoAQM?si=3F3Pubb1K8hmASPJ&amp;t=1\" rel=\"noopener noreferrer\" target=\"_blank\">https://youtu.be/4dS3fzJoAQM?si=3F3Pubb1K8hmASPJ&amp;t=1</a></p><p><strong>Gesamtbild</strong>:</p><ol><li data-list=\"bullet\"><span class=\"ql-ui\" contenteditable=\"false\"></span>Ein ruhiger, leicht verwilderter Ort, von hohen, knorrigen Bäumen umstanden. Je nach Tageszeit kriechen flache Nebelschwaden über den Boden, besonders in den frühen Morgen- oder Abendstunden.</li><li data-list=\"bullet\"><span class=\"ql-ui\" contenteditable=\"false\"></span>Geschwungene Kiespfade laufen zwischen Grabreihen hindurch, und knirschen unter den Füßen der Besucher.</li></ol><p><strong>Kapelle &amp; Zeremonie</strong>:</p><ol><li data-list=\"bullet\"><span class=\"ql-ui\" contenteditable=\"false\"></span>Die kleine Friedhofskapelle hat eine verwitterte Steinfassade mit feinem grünen Moos; innen schimmern bunte Glasfenster, deren Farbflecken sich auf kühlen Steinböden verteilen.</li><li data-list=\"bullet\"><span class=\"ql-ui\" contenteditable=\"false\"></span>Frische Blumen auf manchen Gräbern verbreiten einen schwachen Blumenduft, vermengt mit der feuchten Moderluft der alten Gräber.</li></ol><p><br></p>",
    "link": [
      {
        "placeId": "77",
        "row": 7,
        "col": 17
      }
    ],
    "color": "#6387b1"
  },
  {
    "id": "4",
    "name": "The Singing Boar Inn",
    "background": "images/place_4.png",
    "gridSize": {
      "rows": 30,
      "cols": 40
    },
    "default": true,
    "description": "<p>AMBIENTE:</p><p><a href=\"https://youtu.be/f3fR_4t1y2s?si=JVRkZYZjfQGc2p3p&amp;t=1\" rel=\"noopener noreferrer\" target=\"_blank\">https://youtu.be/f3fR_4t1y2s?si=JVRkZYZjfQGc2p3p&amp;t=1</a></p><p><strong>Außen &amp; Umgebung</strong>:</p><ol><li data-list=\"bullet\"><span class=\"ql-ui\" contenteditable=\"false\"></span>Ihr tretet aus dem Dämmerlicht Londons an eine schwere Holztür, über der ein verblasstes Schild mit einem grunzenden Keiler prangt.</li><li data-list=\"bullet\"><span class=\"ql-ui\" contenteditable=\"false\"></span>Pflastersteine sind feucht vom letzten Regen, eine flackernde Laterne am Eingang wirft zuckende Schatten.</li></ol><p><strong>Innen &amp; Stimmung</strong>:</p><ol><li data-list=\"bullet\"><span class=\"ql-ui\" contenteditable=\"false\"></span>Sobald man eintritt, umfängt einen ein Gemisch aus Tabakrauch, warmem Bierduft und dem süßlichen Aroma gebratenen Fleischs.</li><li data-list=\"bullet\"><span class=\"ql-ui\" contenteditable=\"false\"></span>Die Decke ist niedrig, gehalten von dicken, dunklen Balken; an den Wänden hängen alte Humpen, ein paar vergilbte Jagdtrophäen.</li><li data-list=\"bullet\"><span class=\"ql-ui\" contenteditable=\"false\"></span>Helles Licht gibt es kaum – nur die gelblichen Lichtkegel einiger Öllampen oder Kerzen werfen lange Schatten auf rustikale Holztische.</li><li data-list=\"bullet\"><span class=\"ql-ui\" contenteditable=\"false\"></span>Ein Wirt steht mit wachsamen Augen am Tresen und poliert Gläser, während ein, zwei Stammgäste an runden Tischen murmeln, mal hier und da kichern. Das Knarren der Dielen unter jedem Schritt erinnert daran, dass dieses Gasthaus schon bessere Tage gesehen hat.</li></ol><p><br></p>",
    "link": [
      {
        "placeId": "77",
        "row": 11,
        "col": 27
      }
    ],
    "color": "#604770"
  },
  {
    "id": "5",
    "name": "Haus der Familie Slai",
    "background": "images/place_5.png",
    "gridSize": {
      "rows": 30,
      "cols": 40
    },
    "default": false,
    "description": "<p>AMBIENTE:</p><p><a href=\"https://youtu.be/MNnGdMUXlBc?si=tqyOahuDF9RbYEcX&amp;t=1\" rel=\"noopener noreferrer\" target=\"_blank\">https://youtu.be/MNnGdMUXlBc?si=tqyOahuDF9RbYEcX&amp;t=1</a></p><p><strong>Fassade &amp; Entrée</strong>:</p><ol><li data-list=\"bullet\"><span class=\"ql-ui\" contenteditable=\"false\"></span>Ein dreistöckiges Stadthaus mit heller Steinfassade in einer guten Londoner Wohngegend. Am schmiedeeisernen Gittertor sieht man feine Ornamente, hinter denen ein kleiner, penibel geschnittener Vorgarten liegt.</li><li data-list=\"bullet\"><span class=\"ql-ui\" contenteditable=\"false\"></span>Nach dem Klopfen an der schweren Eichentür empfängt dich ein Flur, dessen Marmorfliesen im warmen Schein mehrerer Gaslampen glänzen.</li></ol><p><strong>Innenräume</strong>:</p><ol><li data-list=\"bullet\"><span class=\"ql-ui\" contenteditable=\"false\"></span><strong>Foyer</strong>: Weitläufig, ein hoher Spiegel mit kunstvollem Rahmen, Schirmständer in der Ecke; man spürt sofort, dass hier Geld vorhanden ist – aber kein Pomp wie in Adelspalästen.</li><li data-list=\"bullet\"><span class=\"ql-ui\" contenteditable=\"false\"></span><strong>Salon</strong>: Ein Kamin prasselt, leichte Parfümnote in der Luft. Polierte Möbel, Samtsessel; an Wänden hängen Portraits und ein paar Landschaftsgemälde.</li><li data-list=\"bullet\"><span class=\"ql-ui\" contenteditable=\"false\"></span><strong>Arbeitszimmer</strong>: Relativ kühl, muffiger Geruch, Bücherregale mit dicken Wälzern. Ein großer Schreibtisch wirkt verlassen, dünne Staubschicht darauf. Evtl. spürt man ein unerklärlich kühles Lüftchen (wenn ein Geheimgang existiert).</li><li data-list=\"bullet\"><span class=\"ql-ui\" contenteditable=\"false\"></span><strong>Dienstbotenzimmer</strong>: Schlichter Raum, niedrige Decke, ein schmales Bett, kleine Kommode. Hier riecht man Seife und alte Wäsche.</li></ol><p><strong>Geräuschkulisse</strong>:</p><ol><li data-list=\"bullet\"><span class=\"ql-ui\" contenteditable=\"false\"></span>Die großen Uhren ticken monoton in den Korridoren, vereinzelt hört man Schritte eines Dieners. Ansonsten herrscht ein gediegener Halbschlaf, als sei das Leben nach Winthrops „Tod“ erloschen.</li></ol><p><br></p>",
    "link": [
      {
        "placeId": "77",
        "row": 22,
        "col": 26
      },
      {
        "placeId": "52",
        "row": 11,
        "col": 2
      }
    ],
    "color": "#b19b5d"
  },
  {
    "id": "22",
    "name": "Royal Medical Institute",
    "background": "images/place_22.png",
    "gridSize": {
      "rows": 30,
      "cols": 40
    },
    "default": false,
    "description": "<p>AMBIENTE:</p><p><a href=\"https://youtu.be/0SexXtv8pNY?si=yrBr1fwtOloLnXQ8&amp;t=1\" rel=\"noopener noreferrer\" target=\"_blank\">https://youtu.be/0SexXtv8pNY?si=yrBr1fwtOloLnXQ8&amp;t=1</a></p><p><strong>Gebäude &amp; äußeres Bild</strong>:</p><ol><li data-list=\"bullet\"><span class=\"ql-ui\" contenteditable=\"false\"></span>Ein imposanter Komplex, teils neoklassizistische Säulen, in der Nähe eines großen Krankenhauses. Tagsüber herrscht geschäftiges Treiben, nachts wirken die endlosen Fensterreihen gespenstisch.</li><li data-list=\"bullet\"><span class=\"ql-ui\" contenteditable=\"false\"></span>Ein breites Eisentor führt in den Institutshof, wo Kutschen anhalten, um Leichen für Untersuchungen abzuliefern.</li></ol><p><strong>Innenräume &amp; Atmosphäre</strong>:</p><ol><li data-list=\"bullet\"><span class=\"ql-ui\" contenteditable=\"false\"></span>Lange, hell gestrichene Flure mit Stein- oder Fliesenboden, die Schritte hallen wider. Medizinischer Geruch mischt sich mit dem scharfen Odem von Desinfektionsmitteln, Alkohol und Formalin.</li><li data-list=\"bullet\"><span class=\"ql-ui\" contenteditable=\"false\"></span><strong>Obduktionsbereich</strong>: Einige Stahltische, ausgekühlte Lagerräume. Blasse Gasbeleuchtung schafft harte Kontraste und lange Schatten, die sich über schlafende Stahlschränke ziehen.</li><li data-list=\"bullet\"><span class=\"ql-ui\" contenteditable=\"false\"></span>Besucher spüren schnell ein unangenehmes Frösteln, während Pförtner oder Angestellte sie kurz angebunden herumführen. Die meisten Leute hier wollen unnötige Fragen vermeiden.</li></ol><p><br></p>",
    "link": [
      {
        "placeId": "77",
        "row": 8,
        "col": 33
      }
    ],
    "color": "#31abbd"
  },
  {
    "id": "31",
    "name": "London Rivalry Club",
    "background": "images/place_31.png",
    "gridSize": {
      "rows": 30,
      "cols": 40
    },
    "default": false,
    "description": "<p>AMBIENTE:</p><p><a href=\"https://youtu.be/MNnGdMUXlBc?si=tqyOahuDF9RbYEcX&amp;t=1\" rel=\"noopener noreferrer\" target=\"_blank\">https://youtu.be/MNnGdMUXlBc?si=tqyOahuDF9RbYEcX&amp;t=1</a></p><p><strong><u>LONDON RIVALRY CLUB</u></strong></p><p>221B Greenpark</p><ol><li data-list=\"bullet\"><span class=\"ql-ui\" contenteditable=\"false\"></span><strong>Eingangsbereich &amp; erste Sicht</strong>:</li><li data-list=\"bullet\" class=\"ql-indent-1\"><span class=\"ql-ui\" contenteditable=\"false\"></span>Ein prunkvoller Gentleman’s Club in feiner Nachbarschaft. Außen kunstvolle Säulen, ein Wappen mit geschwungenem „L. R. C.“ in Gold Lettern, von zwei steinernen Löwen flankiert.</li><li data-list=\"bullet\" class=\"ql-indent-1\"><span class=\"ql-ui\" contenteditable=\"false\"></span>Man hört gedämpftes Klirren von Gläsern, Murmeln tiefer Männerstimmen durch die geschlossene Tür.</li><li data-list=\"bullet\"><span class=\"ql-ui\" contenteditable=\"false\"></span><strong>Innenräume</strong>:</li><li data-list=\"bullet\" class=\"ql-indent-1\"><span class=\"ql-ui\" contenteditable=\"false\"></span><strong>Foyer</strong>: Majestätisches Treppenhaus, ein prachtvoller Kronleuchter, roter Teppich. Ein Türsteher überprüft wer rein kommt.</li><li data-list=\"bullet\" class=\"ql-indent-1\"><span class=\"ql-ui\" contenteditable=\"false\"></span><strong>Salon</strong>: Ledersessel in Grüntönen, warme Holztäfelung, gedeckte Lampen werfen ein sanftes, gediegenes Licht. Gelächter, Zigarrenrauch, Billardkugeln klickern im Nebenzimmer.</li><li data-list=\"bullet\" class=\"ql-indent-1\"><span class=\"ql-ui\" contenteditable=\"false\"></span><strong>Hintere Bereiche</strong>: Je weiter man geht, desto ruhiger und kühler wird es, bis zu verschlossenen Türen, von Personal bewacht werden.</li></ol><p><strong><u>MADAME GOGOLS STAND</u></strong></p><ol><li data-list=\"bullet\"><span class=\"ql-ui\" contenteditable=\"false\"></span><strong>Umgebung</strong>:</li><li data-list=\"bullet\" class=\"ql-indent-1\"><span class=\"ql-ui\" contenteditable=\"false\"></span>Schmale, feuchte Seitenstraße in einem ärmeren Londoner Viertel. Nur wenige Laternen, man sieht Pfützen voller Straßenmatsch.</li><li data-list=\"bullet\"><span class=\"ql-ui\" contenteditable=\"false\"></span><strong>Der Stand</strong>:</li><li data-list=\"bullet\" class=\"ql-indent-1\"><span class=\"ql-ui\" contenteditable=\"false\"></span>Madame Gogol hat einen kleinen Bretterverschlag aufgestellt.</li><li data-list=\"bullet\" class=\"ql-indent-1\"><span class=\"ql-ui\" contenteditable=\"false\"></span>Lampion-Fragmente, bunte Stoffbahnen mit astrologischen Symbolen hängen schief darüber. Eine schummrige Laterne flackert.</li><li data-list=\"bullet\" class=\"ql-indent-1\"><span class=\"ql-ui\" contenteditable=\"false\"></span>Drinnen: Enge, stickige Luft, süß-scharfer Räucherduft. Ein kleiner Tisch mit einer abgewetzten „Kristallkugel“, Tarotkarten und seltsamen Figürchen aus Blech.</li><li data-list=\"bullet\"><span class=\"ql-ui\" contenteditable=\"false\"></span><strong>Stimmung</strong>:</li><li data-list=\"bullet\" class=\"ql-indent-1\"><span class=\"ql-ui\" contenteditable=\"false\"></span>Man fühlt sich beobachtet, die Dunkelheit verschluckt so einiges. Gogool selbst nimmt jeden Fremden misstrauisch in Augenschein. Wer fragt, wird meist erst abgewiesen – außer man zeigt Geld oder spezielle Informationen.</li></ol><p><br></p>",
    "link": [
      {
        "placeId": "52",
        "row": 1,
        "col": 22
      },
      {
        "placeId": "77",
        "row": 25,
        "col": 12
      }
    ],
    "color": "#745495"
  },
  {
    "id": "39",
    "name": "Shallow Tree Lager",
    "background": "images/place_39.png",
    "gridSize": {
      "rows": 30,
      "cols": 40
    },
    "default": false,
    "description": "<p>AMBIENTE:</p><p><a href=\"https://youtu.be/GnrOh2vfA0s?si=O8i0BeILKb6WseQc&amp;t=1\" rel=\"noopener noreferrer\" target=\"_blank\">https://youtu.be/GnrOh2vfA0s?si=O8i0BeILKb6WseQc&amp;t=1</a></p><p><strong>Außenbereich &amp; erste Eindrücke</strong>:</p><ol><li data-list=\"bullet\"><span class=\"ql-ui\" contenteditable=\"false\"></span>Mehrere farbige, hölzerne Wohnwagen stehen kreisförmig um eine zentrale Feuerstelle. Bunte Lichterketten und Girlanden spannen sich dazwischen. Man hört Geigenspiel, Trommeln und Lachen.</li><li data-list=\"bullet\"><span class=\"ql-ui\" contenteditable=\"false\"></span>Ein paar Pferde sind angebunden, dampfender Stallgeruch mischt sich mit dem Aroma von gerösteten Maronen und Eintopf, der auf dem Feuer kocht.</li></ol><p><strong>Lagerleben &amp; Details</strong>:</p><ol><li data-list=\"bullet\"><span class=\"ql-ui\" contenteditable=\"false\"></span>Leute in farbenprächtiger Kleidung – teils bestickt mit Mustern. Man begrüßt Neulinge mal argwöhnisch, mal herzlich, je nachdem, wie die Spieler auftreten.</li><li data-list=\"bullet\"><span class=\"ql-ui\" contenteditable=\"false\"></span>Musik spielt, jemand klatscht im Takt, Kinder rennen kichernd umher. Ein aufgeschlossener Kreis um das Lagerfeuer, wo man Witze reißt, und Geschichten erzählt.</li></ol>",
    "link": [
      {
        "placeId": "77",
        "row": 4,
        "col": 3
      },
      {
        "placeId": "52",
        "row": 28,
        "col": 20
      }
    ],
    "color": "#3a8d5d"
  },
  {
    "id": "52",
    "name": "Kanalisation",
    "background": "images/place_52.png",
    "gridSize": {
      "rows": 30,
      "cols": 40
    },
    "default": false,
    "description": "<p>AMBIENTE:</p><p><a href=\"https://youtu.be/pv7sc85UZ-4?si=K4a63sGnoQce7VA-&amp;t=1\" rel=\"noopener noreferrer\" target=\"_blank\">https://youtu.be/pv7sc85UZ-4?si=K4a63sGnoQce7VA-&amp;t=1</a></p><p><strong>Grundcharakter</strong>:</p><ol><li data-list=\"bullet\"><span class=\"ql-ui\" contenteditable=\"false\"></span>Feuchte, unheimliche Gänge, teils Naturstein, teils Ziegel. Wasser tropft von Gewölbebögen, man hört Echo von eigenen Schritten.</li><li data-list=\"bullet\"><span class=\"ql-ui\" contenteditable=\"false\"></span>Eine stickige, modrige Luft wälzt sich die Wände entlang. Spinnweben kleben an alten Kreidezeichen.</li></ol>",
    "link": [
      {
        "placeId": "39",
        "row": 1,
        "col": 37
      },
      {
        "placeId": "5",
        "row": 16,
        "col": 14
      },
      {
        "placeId": "31",
        "row": 16,
        "col": 27
      }
    ],
    "color": "#9bb62b"
  },
  {
    "id": "77",
    "name": "MAP",
    "description": "<p>AMBIENTE:</p><p><a href=\"https://youtu.be/FjyAjqRFThM?si=V-lU1kPjzLsswaMD&amp;t=1\" rel=\"noopener noreferrer\" target=\"_blank\">https://youtu.be/FjyAjqRFThM?si=V-lU1kPjzLsswaMD&amp;t=1</a></p>",
    "background": "images/place_77.png",
    "gridSize": {
      "rows": 30,
      "cols": 40
    },
    "color": "#86b73b",
    "default": false,
    "link": [
      {
        "placeId": "39",
        "row": 39,
        "col": 2
      },
      {
        "placeId": "39",
        "row": 29,
        "col": 29
      },
      {
        "placeId": "22",
        "row": 25,
        "col": 4
      },
      {
        "placeId": "4",
        "row": 21,
        "col": 1
      },
      {
        "placeId": "5",
        "row": 29,
        "col": 2
      },
      {
        "placeId": "31",
        "row": 21,
        "col": 39
      },
      {
        "placeId": "3",
        "row": 1,
        "col": 27
      }
    ]
  }
]