[
  {
    "id": "50",
    "title": "Start 15:00",
    "description": "",
    "order": 1
  },
  {
    "id": "75",
    "title": "15:30",
    "description": "",
    "order": 2
  },
  {
    "id": "12",
    "title": "Beerdigung 16:00 Uhr",
    "description": "",
    "order": 3
  },
  {
    "id": "13",
    "title": "17:00 Uhr",
    "description": "",
    "order": 4
  },
  {
    "id": "14",
    "title": "18:00 Uhr",
    "description": "",
    "order": 5
  },
  {
    "id": "35",
    "title": "Club 19:00 Uhr + Pause",
    "description": "",
    "order": 6
  },
  {
    "id": "38",
    "title": "Club 20:30 Uhr",
    "description": "",
    "order": 7
  },
  {
    "id": "30",
    "title": "21:00 Uhr",
    "description": "",
    "order": 8
  },
  {
    "id": "40",
    "title": "22:00 Uhr",
    "description": "",
    "order": 9
  },
  {
    "id": "56",
    "title": "22:30 Uhr",
    "description": "",
    "order": 10
  },
  {
    "id": "57",
    "title": "23:00 Uhr",
    "description": "",
    "order": 11
  }
]